"Group","PC1_mean","PC2_mean","PC1_sd","PC2_sd","n_samples"
"B4a1a1b",-2.9663555511608,-0.0708388792062583,0.0126199650874996,0.00312163202499401,16
"C4a2a1a",2.17514784147877,3.31269228574767,0.000834782183171632,0.0156062998798975,2
"C4a2a1b",2.32704381895432,3.70329578028848,0.0258483933922801,0.0685736149438502,9
"E2b",1.8912273146525,-2.05198851633485,0.0455882083618837,0.0719447376864586,16
"M7c1c3",1.42972793359427,-1.20370530924596,0.00510654651294434,0.00699317115849988,14
"U5b3a1a",-2.95751710185212,0.472596884261677,0.100142470632364,0.0487182393379718,12
"Z7",1.47647517649839,1.03818069057387,0.00310125971287398,0.00363736843633891,5
