"ID","PC1","PC2","PC3","PC4","PC5","PC6","PC7","PC8","PC9","PC10","Group","distance_from_origin","PC1_abs","PC2_abs"
"KF148186",2.3452216568882,3.75155271233029,0.1994327475533,-0.482440244844719,-0.908588050074337,-0.0203158780143278,-0.0176686062617192,-0.528013316714838,-0.00220113274853799,0.0424509438997716,"C4a2a1b",4.42427535008053,2.3452216568882,3.75155271233029
"KF148182",2.3452216568882,3.75155271233029,0.1994327475533,-0.482440244844718,-0.908588050074337,-0.0203158780143259,-0.0176686062617191,-0.528013316714837,-0.00220113274853671,0.0424509438997745,"C4a2a1b",4.42427535008053,2.3452216568882,3.75155271233029
"KF148167",2.3452216568882,3.75155271233029,0.1994327475533,-0.482440244844719,-0.908588050074339,-0.0203158780143267,-0.0176686062617193,-0.528013316714841,-0.00220113274853636,0.0424509438997717,"C4a2a1b",4.42427535008053,2.3452216568882,3.75155271233029
"KF148191",2.3452216568882,3.75155271233029,0.1994327475533,-0.482440244844719,-0.908588050074337,-0.0203158780143266,-0.0176686062617186,-0.528013316714841,-0.00220113274853781,0.0424509438997742,"C4a2a1b",4.42427535008053,2.3452216568882,3.75155271233029
"KF148185",2.3452216568882,3.75155271233029,0.199432747553298,-0.482440244844718,-0.908588050074335,-0.0203158780143247,-0.0176686062617189,-0.528013316714837,-0.00220113274853806,0.0424509438997764,"C4a2a1b",4.42427535008052,2.3452216568882,3.75155271233029
