Population,PC1,PC2
pop1,-0.2732162133235351,0.21900745843805097
pop1,0.38864673439591635,0.11155664585283125
pop2,0.06268537388669687,-0.4320848378779444
pop2,0.3362224638438761,0.1126100179243209
pop3,-0.5143383588029545,-0.011089284337258127
